method,ARI,AMI,silhouette
KMeans (k=3),0.8974949815093207,0.874579440437926,0.2848589191898987
"DBSCAN (eps=2.400, min_samples=3)",0.4170801077142256,0.5107877423543453,0.31417482044904627
